<?xml version="1.0" encoding="UTF-8"?>
<boxOfficeResult>
    <boxofficeType>일별 박스오피스</boxofficeType>
    <showRange>20210701~20210701</showRange>
    <dailyBoxOfficeList>
        <dailyBoxOffice>
            <rnum>1</rnum>
            <rank>1</rank>
            <rankInten>0</rankInten>
            <rankOldAndNew>OLD</rankOldAndNew>
            <movieCd>20192696</movieCd>
            <movieNm>발신제한</movieNm>
            <openDt>2021-06-23</openDt>
            <salesAmt>302667090</salesAmt>
            <salesShare>27.5</salesShare>
            <salesInten>-8840840</salesInten>
            <salesChange>-2.8</salesChange>
            <salesAcc>4641205070</salesAcc>
            <audiCnt>32113</audiCnt>
            <audiInten>-13952</audiInten>
            <audiChange>-30.3</audiChange>
            <audiAcc>499902</audiAcc>
            <scrnCnt>822</scrnCnt>
            <showCnt>3012</showCnt>
        </dailyBoxOffice>
        <dailyBoxOffice>
            <rnum>2</rnum>
            <rank>2</rank>
            <rankInten>0</rankInten>
            <rankOldAndNew>OLD</rankOldAndNew>
            <movieCd>20216362</movieCd>
            <movieNm>크루엘라</movieNm>
            <openDt>2021-05-26</openDt>
            <salesAmt>221800690</salesAmt>
            <salesShare>20.1</salesShare>
            <salesInten>-11823620</salesInten>
            <salesChange>-5.1</salesChange>
            <salesAcc>14930891860</salesAcc>
            <audiCnt>22675</audiCnt>
            <audiInten>-12658</audiInten>
            <audiChange>-35.8</audiChange>
            <audiAcc>1554649</audiAcc>
            <scrnCnt>633</scrnCnt>
            <showCnt>1579</showCnt>
        </dailyBoxOffice>
        <dailyBoxOffice>
            <rnum>3</rnum>
            <rank>3</rank>
            <rankInten>1</rankInten>
            <rankOldAndNew>OLD</rankOldAndNew>
            <movieCd>20204261</movieCd>
            <movieNm>콰이어트 플레이스 2</movieNm>
            <openDt>2021-06-16</openDt>
            <salesAmt>134713480</salesAmt>
            <salesShare>12.2</salesShare>
            <salesInten>2961980</salesInten>
            <salesChange>2.2</salesChange>
            <salesAcc>6757657550</salesAcc>
            <audiCnt>13837</audiCnt>
            <audiInten>-5647</audiInten>
            <audiChange>-29</audiChange>
            <audiAcc>684512</audiAcc>
            <scrnCnt>571</scrnCnt>
            <showCnt>1411</showCnt>
        </dailyBoxOffice>
        <dailyBoxOffice>
            <rnum>4</rnum>
            <rank>4</rank>
            <rankInten>-1</rankInten>
            <rankOldAndNew>OLD</rankOldAndNew>
            <movieCd>20198161</movieCd>
            <movieNm>미드나이트</movieNm>
            <openDt>2021-06-30</openDt>
            <salesAmt>111696840</salesAmt>
            <salesShare>10.1</salesShare>
            <salesInten>-26034670</salesInten>
            <salesChange>-18.9</salesChange>
            <salesAcc>285559350</salesAcc>
            <audiCnt>12990</audiCnt>
            <audiInten>-7596</audiInten>
            <audiChange>-36.9</audiChange>
            <audiAcc>37940</audiAcc>
            <scrnCnt>678</scrnCnt>
            <showCnt>2182</showCnt>
        </dailyBoxOffice>
        <dailyBoxOffice>
            <rnum>5</rnum>
            <rank>5</rank>
            <rankInten>0</rankInten>
            <rankOldAndNew>OLD</rankOldAndNew>
            <movieCd>20217950</movieCd>
            <movieNm>킬러의 보디가드 2</movieNm>
            <openDt>2021-06-23</openDt>
            <salesAmt>105794630</salesAmt>
            <salesShare>9.6</salesShare>
            <salesInten>-22642130</salesInten>
            <salesChange>-17.6</salesChange>
            <salesAcc>2921643530</salesAcc>
            <audiCnt>10932</audiCnt>
            <audiInten>-7953</audiInten>
            <audiChange>-42.1</audiChange>
            <audiAcc>299967</audiAcc>
            <scrnCnt>578</scrnCnt>
            <showCnt>1460</showCnt>
        </dailyBoxOffice>
        <dailyBoxOffice>
            <rnum>6</rnum>
            <rank>6</rank>
            <rankInten>0</rankInten>
            <rankOldAndNew>OLD</rankOldAndNew>
            <movieCd>20204790</movieCd>
            <movieNm>인 더 하이츠</movieNm>
            <openDt>2021-06-30</openDt>
            <salesAmt>40436520</salesAmt>
            <salesShare>3.7</salesShare>
            <salesInten>-57947230</salesInten>
            <salesChange>-58.9</salesChange>
            <salesAcc>203091210</salesAcc>
            <audiCnt>4215</audiCnt>
            <audiInten>-10462</audiInten>
            <audiChange>-71.3</audiChange>
            <audiAcc>24916</audiAcc>
            <scrnCnt>571</scrnCnt>
            <showCnt>1166</showCnt>
        </dailyBoxOffice>
        <dailyBoxOffice>
            <rnum>7</rnum>
            <rank>7</rank>
            <rankInten>0</rankInten>
            <rankOldAndNew>OLD</rankOldAndNew>
            <movieCd>20216685</movieCd>
            <movieNm>루카</movieNm>
            <openDt>2021-06-17</openDt>
            <salesAmt>33746720</salesAmt>
            <salesShare>3.1</salesShare>
            <salesInten>-8311130</salesInten>
            <salesChange>-19.8</salesChange>
            <salesAcc>2427375170</salesAcc>
            <audiCnt>3763</audiCnt>
            <audiInten>-2322</audiInten>
            <audiChange>-38.2</audiChange>
            <audiAcc>267015</audiAcc>
            <scrnCnt>311</scrnCnt>
            <showCnt>431</showCnt>
        </dailyBoxOffice>
        <dailyBoxOffice>
            <rnum>8</rnum>
            <rank>8</rank>
            <rankInten>0</rankInten>
            <rankOldAndNew>OLD</rankOldAndNew>
            <movieCd>20218006</movieCd>
            <movieNm>체르노빌 1986</movieNm>
            <openDt>2021-06-30</openDt>
            <salesAmt>23551200</salesAmt>
            <salesShare>2.1</salesShare>
            <salesInten>-7498800</salesInten>
            <salesChange>-24.2</salesChange>
            <salesAcc>60768200</salesAcc>
            <audiCnt>3167</audiCnt>
            <audiInten>-1801</audiInten>
            <audiChange>-36.3</audiChange>
            <audiAcc>9016</audiAcc>
            <scrnCnt>180</scrnCnt>
            <showCnt>451</showCnt>
        </dailyBoxOffice>
        <dailyBoxOffice>
            <rnum>9</rnum>
            <rank>9</rank>
            <rankInten>2</rankInten>
            <rankOldAndNew>OLD</rankOldAndNew>
            <movieCd>20217736</movieCd>
            <movieNm>컨저링3: 악마가 시켰다</movieNm>
            <openDt>2021-06-03</openDt>
            <salesAmt>18409610</salesAmt>
            <salesShare>1.7</salesShare>
            <salesInten>3977280</salesInten>
            <salesChange>27.6</salesChange>
            <salesAcc>7781511450</salesAcc>
            <audiCnt>1920</audiCnt>
            <audiInten>-230</audiInten>
            <audiChange>-10.7</audiChange>
            <audiAcc>775008</audiAcc>
            <scrnCnt>90</scrnCnt>
            <showCnt>140</showCnt>
        </dailyBoxOffice>
        <dailyBoxOffice>
            <rnum>10</rnum>
            <rank>10</rank>
            <rankInten>0</rankInten>
            <rankOldAndNew>OLD</rankOldAndNew>
            <movieCd>20218345</movieCd>
            <movieNm>괴기맨숀</movieNm>
            <openDt>2021-06-30</openDt>
            <salesAmt>15771800</salesAmt>
            <salesShare>1.4</salesShare>
            <salesInten>-3957200</salesInten>
            <salesChange>-20.1</salesChange>
            <salesAcc>41120800</salesAcc>
            <audiCnt>1583</audiCnt>
            <audiInten>-1073</audiInten>
            <audiChange>-40.4</audiChange>
            <audiAcc>4861</audiAcc>
            <scrnCnt>100</scrnCnt>
            <showCnt>245</showCnt>
        </dailyBoxOffice>
    </dailyBoxOfficeList>
</boxOfficeResult>
